firstName,lastName,gender
Maureene,Ribbens,Female
Janifer,Conen,Female
Carolus,Blondelle,Non-binary
Guilbert,Bynert,Male
Beverley,Reignolds,Female
Mahmoud,Isham,Male
Mame,Fazzioli,Female
Alisander,Marcoolyn,Male
Alexandre,Circuitt,Male
Aleece,Bordessa,Female
Portie,Jaqueme,Male
Hart,Zecchinelli,Male
Perla,Kabisch,Female
Paton,Calterone,Genderqueer
Melania,Thormwell,Female
Shadow,Nornasell,Male
Joete,McCall,Female
Mariele,Graal,Female
Roch,Waterstone,Female
Sidonia,Vidler,Female
Winifred,Boas,Female
Arabela,Molan,Female
Sarita,Popov,Female
Myra,Gillise,Female
Cecil,Babidge,Male
Miguelita,Rockall,Female
Korey,M'Quharg,Male
Dodie,Vashchenko,Female
Gusta,Sellstrom,Female
Kittie,Kime,Female
Hallsy,Laterza,Male
Dennie,Oles,Male
Cozmo,Cow,Male
Anselm,Mioni,Male
Wendall,Rolf,Male
Gaye,Gyurko,Female
Putnam,Grieswood,Male
Gallagher,Brellin,Male
Cati,Feeney,Female
Kandy,Cundey,Female
Gris,Gerrill,Male
Marti,Bahia,Female
Cynthie,Tourot,Female
Goran,Hurkett,Genderqueer
Zuzana,Wearden,Bigender
Kesley,Scarborough,Female
Jarad,Einchcombe,Male
Gaspard,Cristofol,Male
Christophe,Semrad,Male
Read,Blemen,Male
Maurise,Sharple,Female
Tallia,Cristea,Female
Florry,Bolwell,Female
Hogan,Silverthorne,Male
Tildi,Chaudrelle,Female
Renata,Authers,Female
Francklin,Blakemore,Male
Greer,McDowell,Female
Keely,Bartkiewicz,Female
Pembroke,Frany,Male
Kelly,Dyter,Male
Oates,Baudacci,Male
Barbi,Chetter,Female
Sally,Meaden,Female
Boot,Kalvin,Male
Fredek,Mazillius,Male
Gardy,Jerwood,Male
Abrahan,Exelby,Male
Tracy,Winslade,Male
Blinni,Labrow,Female
Carin,Spurnier,Female
Uriel,Duchatel,Male
Davey,Szymon,Male
Bancroft,Effemy,Genderfluid
Darwin,Ibotson,Male
Gail,Lauchlan,Male
Solomon,Dalrymple,Male
Coriss,Annakin,Female
Christos,Spellissy,Male
Siobhan,Malpass,Bigender
Marcia,Ccomini,Agender
Kiley,Matczak,Male
Currey,Lafflin,Male
Sibylla,Kaser,Female
Willyt,Eminson,Female
Moses,Blackaller,Male
Benton,Petrovic,Male
Edita,Rallings,Female
Alethea,Bernardinelli,Female
Moina,Halliday,Female
Moore,Boram,Male
Noami,Cissen,Female
Gerry,Culligan,Male
Fionnula,Cluderay,Female
Franky,Paton,Female
Reggi,Durand,Female
Ugo,Slowly,Male
Alicea,Mouland,Female
Onofredo,McAleese,Male
Andrea,MacInnes,Male
Kessia,Hampshire,Female
Gwyn,Hulk,Female
Salvador,Williams,Male
Myron,Phlippi,Male
Debor,Tideswell,Female
Sibby,MacAndrew,Polygender
Fidelity,Zuann,Female
Kellyann,Brooker,Female
Valeda,Gadault,Bigender
Ianthe,Haliburton,Female
Alejandrina,Dorkens,Female
Pooh,Episcopi,Male
Xenos,MacCaughey,Male
Bert,Jeffels,Female
Constantine,Euesden,Female
Susannah,Vlasenkov,Female
Farris,Bilbrey,Male
Dniren,Laskey,Female
Keene,Vedyaev,Non-binary
Serena,Kollach,Agender
Christophe,Schild,Male
Leo,Beesley,Polygender
Dorie,Mattersley,Female
Nils,Zorzutti,Male
Urban,Lemme,Male
Sherm,McKeon,Male
Jodie,Yakushkin,Genderfluid
Serge,Dranfield,Male
Bendix,Gobel,Male
Melva,Jeannon,Female
Vanna,Pineaux,Female
Roma,Haxby,Male
Nadeen,Yorath,Bigender
Say,Blabber,Polygender
Von,Stretton,Male
Olivero,Noteyoung,Male
Natal,Brammar,Male
Leoine,Margrett,Female
Lydon,Samudio,Male
Cynde,Buxey,Female
Martha,Kolodziejski,Female
Sybila,McWard,Female
Madison,Demead,Male
Averil,Geely,Female
Mycah,Searby,Male
Sammie,Scarlett,Agender
Terrence,Elbourne,Male
Marline,Manoelli,Female
Bogart,Christophers,Male
Vivia,Tenby,Female
Matty,Giacaponi,Female
Franni,Joblin,Female
Freedman,Inseal,Male
Gweneth,Boyet,Female
Luis,Connerly,Male
Aileen,Tullot,Female
Zorana,Hurring,Female
Kerwin,Kellock,Male
Melosa,Walsham,Female
Ian,Yantsev,Male
Wittie,Fillis,Male
Vladimir,Slowcock,Male
Godfree,Blackesland,Male
Melisenda,Whistan,Female
Bertie,Oliphant,Male
Nap,Gayforth,Male
Josee,Gaynor,Female
Therine,Clitherow,Genderfluid
Carlen,Addicott,Non-binary
Brennen,Kinner,Male
Nicola,Steinson,Male
Rik,Lyddon,Male
Walther,Crowcombe,Male
Skye,Johnson,Male
Bordie,Brendish,Male
Marshal,Tschirasche,Male
Eal,Crim,Male
Alanah,Fawdrie,Female
Michale,Whittington,Male
Micki,Tomaino,Female
Waldo,Ainslee,Male
Natassia,Berends,Female
Agna,Faich,Genderqueer
Bennett,Betteson,Male
Janenna,Chicken,Female
Alyda,Dobble,Female
Joane,O'Loghlen,Female
Sal,Pittson,Male
Ritchie,Larratt,Male
Weylin,Janowicz,Male
Tadeo,Ruggiero,Male
Lebbie,Verbeek,Female
Avery,Bramwich,Male
Meridith,Tranter,Female
Kahlil,Nappin,Male
Wade,Adney,Male
Thornton,Inder,Male
Pippa,Guerry,Female
Ricki,Yerill,Male
Lorianne,Spearett,Female
Uta,Texton,Female
Martino,Bulbeck,Male
Ty,Pretti,Male
Sig,Giraldon,Male
Darrell,Hasard,Male
Valentine,Nattrass,Male
Veradis,Borge,Genderqueer
Tiena,Leiden,Female
Garrot,MacCaig,Male
Sari,Bullivent,Female
Gabriellia,Shreenan,Female
Sherm,Vasechkin,Male
Robers,Matuska,Male
Adelle,Brownsea,Female
Rosaleen,Cherrington,Female
Erin,O'Doohaine,Female
Cosette,Higginbottam,Female
West,Burnip,Male
Rusty,Percival,Male
Kelli,Boyer,Female
Viviene,Carreck,Female
Tymothy,Rudloff,Male
Axel,Reasce,Male
Jesse,Puckham,Male
Bran,Spicer,Male
Beverly,Lawford,Female
Wandis,Redmain,Female
Brannon,Peetermann,Male
Case,Rowan,Male
Henrieta,Manvelle,Female
Gregorio,Kensy,Male
Jard,Dealy,Male
Drusilla,Stummeyer,Female
Kirsti,Stellin,Female
Nicolette,Koenen,Female
Grady,Quare,Male
Mada,Slayford,Female
Clayton,Dunmuir,Male
Ilsa,Riehm,Female
Sisely,Blowen,Female
Durante,Desmond,Male
Tadeas,Messum,Male
Joanne,Strafford,Female
Lance,Wilden,Male
Markus,Hampstead,Male
Doe,Klain,Genderqueer
Aurthur,Debold,Male
Baily,Rhule,Male
Ban,Baud,Male
Sayre,Peterkin,Male
Collette,Shepard,Female
Rey,Munslow,Female
Tripp,Gottelier,Male
Lanna,Currm,Female
Stanfield,Varns,Male
Kelcy,Crumly,Female
Roy,Iiannoni,Male
Janeta,Muskett,Female
Jenifer,Creasey,Female
Taber,McDonagh,Male
Kleon,Speke,Male
Mufinella,Pendall,Female
Jarvis,Sherred,Male
Cassandry,MacMickan,Female
Becca,Neely,Female
Nicky,Alfonso,Female
Tucker,Orhtmann,Male
Almira,Dunnico,Female
Lemuel,Grunnill,Male
Goddart,Fairleigh,Male
Baily,Bonnesen,Male
Tonnie,Takle,Male
Carroll,Sheehan,Male
Ellery,Vertigan,Male
Chris,Tumielli,Female
Vaughan,Ungaretti,Male
Teri,Auty,Female
Ester,Retter,Female
Dorey,Sisse,Female
Vernor,McLellan,Male
Langston,Foxten,Male
Emelita,Bigmore,Female
Reginald,Bateson,Male
Chrotoem,Crust,Male
Chere,Rayhill,Female
Valentin,Andress,Male
Tabor,Matcham,Male
Constanta,Vernham,Genderqueer
Ruby,Heaps,Male
Teresita,McWhan,Female
Gale,Romanski,Male
Marcos,Mallindine,Male
Kare,Lunny,Female
Wallis,Houlson,Male
Zachery,Sherewood,Male
Sheba,Kittiman,Female
Winslow,Manjin,Male
Ariela,Cuberley,Female
Feliza,Guppey,Female
Harrison,Chittie,Male
Byrann,Alliot,Male
Alayne,McIlhagga,Female
Malanie,Degoix,Female
Renado,Gilli,Male
Lynelle,Espine,Female
Jamil,Eliasson,Male
Cosimo,Hedney,Polygender
Jarrett,Maddra,Male
Meredith,Braams,Male
Leroy,Garbott,Male
Wit,Shaefer,Male
Rachelle,Walsh,Genderqueer
Brandyn,Gidney,Male
Fayre,Fayre,Female
Jemima,Sans,Female
Honey,Carbin,Female
Euphemia,Barley,Female
Barry,Beakes,Male
Hunfredo,Morrilly,Male
Nev,Licence,Male
Kamila,Peplay,Female
Nap,Weaben,Male
Carlene,Olliff,Female
Fredrick,Garwood,Male
Eberhard,Danzig,Male
Harlan,Speeding,Male
Terrel,Langeren,Male
Arch,Morphey,Male
Waylan,Ruske,Male
Falito,Alexandrou,Male
Gabrielle,Leggis,Female
Shane,Brett,Male
Marcile,Tadman,Female
Estell,Le Gallo,Female
Hailee,Allmann,Female
Kerstin,Jaimez,Female
Lainey,Devonish,Female
Amerigo,MacIlhargy,Male
Janine,Langrick,Female
Alisander,Kernocke,Male
Zola,Chevers,Female
Stefa,Boast,Female
Humfrey,Parsell,Male
Bradney,Renac,Male
Gris,Grassi,Male
Gay,Gabriel,Female
Codi,Roach,Female
Boony,Bernardos,Male
Emiline,Ciobutaro,Genderqueer
Ashley,Carlin,Male
Petrina,Earles,Genderqueer
Morten,Treverton,Male
Natasha,Arstall,Female
Spencer,Morrell,Male
Ezequiel,Sizeland,Male
Dell,Annand,Male
Zabrina,Gilbert,Female
Inness,Rubinsztein,Male
Rosetta,Sherston,Female
Hailey,Rumsby,Male
Neall,Stebbin,Male
Thibaud,Neylan,Male
Brande,Poxson,Female
Caprice,Vlasov,Female
Harrietta,Dauber,Female
Misti,Brundle,Female
Damara,Hopkins,Female
Thaddus,Scudder,Male
Roselin,Miners,Female
Upton,Wigfield,Male
Bibbie,Tuting,Female
Jenica,Antonellini,Female
Ad,Weathers,Male
Roxie,Szwarc,Female
Nora,Dobinson,Female
Linnet,Vanyakin,Female
Addie,Vallerine,Female
Klarrisa,Henricsson,Female
Kariotta,McMackin,Female
Hanni,Reinger,Female
Milicent,Battson,Female
Janessa,Guiness,Female
Amabelle,Farmer,Bigender
Ellette,Perin,Female
Ulberto,Skarin,Male
Culver,Doogue,Male
Leighton,Richemont,Male
Aldous,Setchfield,Male
Cy,Pratty,Male
Emilia,Frondt,Female
Gratia,Chillingsworth,Female
Tamar,Wilacot,Female
Vincenty,Bickle,Male
Angelika,Anthoin,Female
Northrup,Rutgers,Male
Uriel,Grishkov,Male
Erastus,McFarland,Male
Bradan,Lowless,Male
Kelsi,Gianasi,Female
Jonis,Harbinson,Bigender
Anny,Sanchis,Female
Freddie,Allridge,Bigender
Xaviera,Flarity,Female
Saudra,Wrack,Female
Bernelle,Blaise,Female
Elvera,Rentoul,Female
Randall,Ong,Male
Halie,Gallahar,Female
Rickie,Kaes,Female
Brigham,Acland,Male
Henka,Ragdale,Genderqueer
Randi,Kobke,Male
Kalle,Tomasek,Male
Garek,Killingsworth,Male
Bettine,Antyshev,Female
Westley,Skeen,Male
Natalie,Ledrane,Female
Sorcha,Stannett,Female
Valeda,Cerman,Female
Monica,Devinn,Female
Alaster,Wiltshear,Male
Ara,Graundisson,Female
Vaughn,Le Grand,Bigender
Emmeline,Sly,Female
Grata,Pash,Genderfluid
Erina,Sponton,Female
Federica,Fidele,Female
Shaylyn,Gibberd,Female
Olympie,Gazzard,Female
Blayne,Toma,Male
Francois,Flippini,Polygender
Wolf,Scowcroft,Male
Belinda,Antic,Female
Norris,Weiser,Male
Alexei,McNaughton,Male
Ellette,Stut,Female
Tiphani,Fenkel,Female
Corney,Fogel,Male
Timothea,Hutcheon,Female
Meggi,Bodicum,Female
Wilden,Askem,Male
Regan,Woodhead,Male
Dorey,McGilleghole,Female
Valina,Standidge,Female
Orbadiah,Sherr,Male
Spence,Walsh,Male
Inessa,Carren,Female
Amelita,Siemandl,Female
Cosme,Chaplain,Male
Alli,Mish,Female
Sarine,Byre,Female
Auguste,Quillinane,Female
Blythe,Cronshaw,Female
Milissent,Courtese,Female
Carline,Barrowcliff,Female
Kayla,Halfpenny,Polygender
Eugenie,Archdeckne,Female
Omar,Beckson,Male
Andree,McAster,Bigender
Hatti,Boustred,Female
Yorgo,O'Kennedy,Male
Calli,Swanton,Female
Fredric,Haslam,Male
Rees,Grayson,Male
Adolphus,Lacroutz,Male
Verla,Milesap,Female
Wadsworth,Haquard,Male
Belicia,Mayfield,Female
Melodie,Perdue,Female
Jaimie,Howton,Female
Ingrim,McClymond,Male
Billi,Daw,Female
Mycah,Swalwell,Male
Cleavland,Boutflour,Male
Janis,Kief,Female
Rhea,Crackett,Female
Laryssa,Hatzar,Female
Correna,Pilbury,Female
Dorree,McCarlie,Agender
Camilla,Cubbin,Female
Steffane,Tough,Female
Yuri,Haffner,Male
Catriona,Bonifazio,Female
Kurt,Euplate,Male
Zahara,Povey,Female
Phil,Rosenbusch,Female
Gray,Emery,Female
Gilberte,Fairbridge,Female
Chen,Chaytor,Male
Trisha,Wolfart,Female
Eva,Brute,Female
Aurea,Gownge,Female
Hogan,Ortsmann,Male
Dorrie,Lowdwell,Female
Tonie,Baselio,Female
Dwight,Pohling,Male
Erinna,Izzett,Female
Tricia,McCandie,Female
Phillie,Gyles,Female
Johannah,McCool,Female
Suzanne,de Werk,Female
Lanie,Kenewel,Non-binary
Carry,Kahan,Female
Albertine,Werrilow,Female
Vinson,Kiss,Male
Shel,Drakers,Female
Eldredge,Aleavy,Polygender
Nikolai,Geist,Male
Skipton,Brennenstuhl,Agender
Coreen,Fryer,Female
Suellen,Malter,Female
Elisabeth,Snelling,Female
Davin,Yourell,Male
Bronson,Trahar,Male
Kellby,Kubica,Male
Wyn,Kunes,Male
Ash,Gritland,Male
Geoff,Ashpital,Male
Cesaro,Look,Male
Gwenni,Kirkham,Female
Mellisa,Purkess,Female
Camey,Hazle,Male
Horten,Hurrion,Male
Darn,Caspell,Male
Duke,Keuning,Genderfluid
Roscoe,Grima,Male
Dierdre,O' Concannon,Female
Teresina,Rupprecht,Female
Bendicty,Willers,Male
Dorita,Blaisdale,Female
Kerwin,Habden,Bigender
Barrie,Coundley,Male
Kimble,Kohring,Agender
Mariya,Wass,Female
Mattias,Hellmore,Male
Germain,House,Female
Farrel,Hars,Male
Tremayne,Rozea,Male
Milo,Rudgard,Male
Emmalynne,Billyeald,Female
Bourke,McCrillis,Agender
Mildrid,Riccardo,Female
Kordula,Adney,Female
Eula,Harmeston,Female
Mordy,Rushman,Male
Lamond,MacGibbon,Male
Bridie,Morfey,Female
Clemens,Dows,Male
Thaddus,Cockaday,Male
Rhetta,Snyder,Female
Carey,Gebbe,Male
Rhodie,Luparti,Female
Persis,Cobden,Female
Uriah,Westrope,Male
Gearard,Thiolier,Male
Bellina,Woolham,Female
Lanna,Stilgoe,Female
Nealon,Peyzer,Bigender
Emmery,McEvon,Male
Loralie,Semiraz,Female
Kerby,Ely,Male
Laurens,Karet,Male
Mar,Pache,Male
Cad,Kneale,Male
Melisenda,Skitt,Female
Cristionna,Poznanski,Female
Thoma,Marre,Male
Arthur,Gindghill,Male
Mavis,Vasnetsov,Female
Porty,Jills,Male
Kerstin,Borrie,Female
Stavros,Derrell,Male
Clarke,Gasker,Male
Kennett,Abelevitz,Male
Ferdy,Rillatt,Non-binary
Micky,Torrans,Genderfluid
Stepha,Avrahamov,Agender
Bancroft,Boxhill,Male
Belicia,Goolden,Female
Adelice,Shinner,Bigender
Maximilian,de Broke,Male
Martguerita,Grenshiels,Female
Bendicty,Tarpey,Male
Nelia,Moores,Female
Siusan,Eliaz,Female
Adelbert,Maudling,Male
Birdie,Teal,Female
Pamelina,Strover,Female
Marijn,Rawlinson,Male
Wendel,Kerner,Male
Kyle,Gapper,Polygender
Marthe,Scollick,Female
Mark,Mattaus,Male
Enos,Yglesia,Male
Alyosha,Gladhill,Male
Alfy,Djurevic,Female
Lilyan,McDougald,Female
Malanie,Stoyell,Female
Kimbra,Jurisch,Female
Sherri,Jeenes,Female
Claudia,Slorach,Female
Clementine,Arch,Female
Romona,Whiteson,Female
Layney,Graybeal,Female
Camel,MacElholm,Female
Roby,Ismead,Female
Romeo,Binion,Male
Kennie,Pellatt,Male
Frants,Mickleborough,Genderfluid
Gui,McArte,Female
Carrie,Codman,Female
Mable,Corey,Female
Niles,Mooney,Male
Gerhardt,Brantzen,Male
Amalia,Carlos,Female
Massimo,Knatt,Male
Siusan,Noah,Female
Raleigh,Lindup,Male
Casey,Simmig,Female
Renell,Stowgill,Female
Trey,Ewert,Male
Britte,Smither,Female
Giovanna,Otley,Female
Elane,Mulholland,Female
Dulsea,Lampl,Female
Jacqui,Roeby,Female
Sidney,Bolles,Male
Dorine,Baudassi,Female
Jaymee,Zanuciolii,Female
Jane,MacCosty,Female
Simone,Ben,Female
Weber,Marsie,Male
Nicole,Ballantine,Female
Ingar,Vallance,Male
Rasla,Scardifield,Female
Boris,Beyne,Male
Zachariah,Carman,Male
Michelina,Clague,Female
Eduardo,Wilber,Male
Vilhelmina,Boshere,Female
Lucais,Maycey,Male
Tremaine,Dellit,Male
Isidora,Baythrop,Female
Erastus,O'Rodane,Male
Opal,Buckberry,Female
Ola,Perrycost,Female
Dwight,Filipychev,Genderfluid
Lita,Hammelberg,Female
Jae,Rapo,Male
Henrieta,Clemon,Female
Alic,Van der Kruys,Male
Arney,Blowick,Male
Sky,Skippon,Male
Wilma,De Benedictis,Female
Mateo,Masselin,Bigender
Cleveland,Howitt,Male
Constantino,Heineking,Male
Gustav,Valek,Male
Gilli,Vyse,Female
Julie,Riseborough,Male
Darius,Steffans,Agender
Fianna,Hazelhurst,Female
Barbaraanne,Girod,Female
Kalvin,Ferrai,Male
Guglielmo,Bamforth,Male
Caitlin,Paulich,Female
Humfrid,Panswick,Male
Harland,Richardt,Male
Kennett,Spandley,Male
Keir,Eingerfield,Genderfluid
Clerissa,Buxsey,Female
Tait,de'-Ancy Willis,Male
Sissy,Fearnyhough,Agender
Aurilia,Lamond,Female
Lamond,Walkington,Male
Phineas,Blasi,Male
Yurik,Blakeborough,Male
Annice,Syce,Female
Byrom,Braun,Male
Teressa,Gallimore,Female
Mortie,Baulch,Non-binary
Concettina,Hanfrey,Female
Annabela,Kirstein,Female
Ambrosius,Lusk,Male
Mariette,Newlyn,Female
Jarib,Guilayn,Agender
Celestina,Gossage,Female
Chantal,Woosnam,Female
Dania,Town,Female
Martie,Jiranek,Female
Nial,Holt,Male
Alika,Pressnell,Female
Car,Ebben,Male
Cristin,Aubery,Female
Drusy,Haugg,Female
Maxie,Slobom,Male
Leo,Culwen,Male
Timotheus,Brocks,Male
Yasmin,Dionisii,Female
Randolf,Watters,Male
Peirce,Spratling,Male
Ianthe,Murfin,Female
Zorana,Skouling,Genderfluid
Albert,Lowther,Genderqueer
Walliw,Alesbrook,Genderfluid
Zacherie,O'Leagham,Male
Agustin,Yurkov,Male
Joell,Absolom,Female
Haleigh,Bradborne,Male
Kara-lynn,Thurborn,Female
Bronson,Burnsall,Male
Gladi,Dybald,Female
Lon,De Zuani,Male
Alva,MacCosto,Male
Pooh,Ghiraldi,Female
Zuzana,Kilbee,Female
Haley,Bigglestone,Male
Marcello,Kerbler,Male
Emile,Hertwell,Male
Prudi,Boxen,Female
Danya,Loton,Female
Ethelyn,Whiteman,Female
Gwenny,Rushmer,Female
Udall,Venart,Male
Netta,Luxen,Female
Caressa,Quixley,Female
Dulci,Ranyell,Female
Frank,Bice,Male
Tove,Farmiloe,Female
Peta,Pentelo,Female
Natalya,Coldicott,Agender
Hoebart,Barabisch,Male
Hew,Vears,Male
Mill,Lorenzini,Male
Webb,Sebright,Male
Averil,Britland,Male
Emiline,Barrowcliff,Female
Karna,Ullett,Female
Felic,Foale,Male
Bobbi,Keller,Female
Tracey,Pariss,Male
Jessalin,Gringley,Female
Alberta,Parbrook,Female
Thatch,Amies,Bigender
Gerardo,Halewood,Male
Pavlov,Larkins,Male
Uta,Sellan,Female
Minni,Lundbeck,Female
Charmane,Abotson,Female
Johann,Farryn,Male
Rowland,Dabell,Male
Wilhelmina,Wharf,Female
Rich,Blasli,Male
Dorian,Gilliat,Male
Hewitt,O'Griffin,Male
Rory,Waight,Female
Adair,Buzine,Male
Herman,Openshaw,Male
Ethe,Dartnall,Male
Englebert,Erbe,Male
Bastien,Treske,Male
Ed,Trill,Polygender
Fan,Joly,Non-binary
Edgard,Ricioppo,Male
Mariele,Quilligan,Female
Janos,Turnbull,Genderfluid
Farlie,Grigoliis,Genderfluid
Sherwood,Dodswell,Male
Bernetta,Yankov,Female
Dom,Aldersey,Male
Otes,Buncher,Male
Sherie,Kyncl,Female
Karisa,Wareing,Genderfluid
Deanna,Blackshaw,Female
Priscilla,McCaughren,Female
Dianna,Belchamber,Polygender
Stevy,Doles,Male
Free,Storek,Male
Tyrus,Wallbank,Male
Salomo,Shepeard,Male
Adrian,Copnall,Female
Glenna,Elliss,Bigender
Shadow,Bellwood,Male
Welby,Milland,Male
Clarisse,Maas,Female
Shayne,Beamson,Male
Kath,Coudray,Female
Ronnie,Blitz,Male
Corette,Timpany,Female
Ruddy,Nijs,Male
Kearney,Hanford,Male
Joella,Gabbotts,Female
Marnie,Brettoner,Female
Bennett,Dickerline,Non-binary
Honor,McElwee,Female
Kippie,Jahner,Female
Karylin,Polet,Female
Gilberta,Brise,Female
Piper,Toffanelli,Female
Melanie,Tremayne,Female
Pattin,Chamberlen,Male
Del,McIleen,Female
Emmey,Escoffier,Female
Cristionna,Thornewell,Female
Colby,Szimon,Male
Evangelin,Gurner,Female
Leese,Beese,Female
Kirby,Pegrum,Female
Kristofor,Sapwell,Non-binary
Dill,Tomblings,Male
Dugald,Jarvis,Male
Arden,di Rocca,Female
Cal,Libero,Female
Findlay,Popple,Male
Goddart,Mulqueen,Male
Engelbert,Kermitt,Male
Lorianne,Drewry,Female
Melody,Pulver,Female
Kaylil,Oselton,Female
Loren,Blamires,Male
Elmer,Houldey,Male
Lannie,Colqueran,Male
Aristotle,Haysman,Male
Kirsti,Milsap,Female
Roz,Cansdall,Female
Franzen,Maddinon,Male
Whit,Brockington,Male
Eddi,Gorling,Female
Rice,Mathie,Male
Giacinta,Archer,Female
Lusa,Clews,Female
Buddie,Cranmore,Male
Steffie,Szimon,Female
Marni,Donke,Female
Maren,McGrane,Female
Paxon,Forder,Male
Angelico,Beardmore,Male
Keefe,Bazylets,Male
Christophe,Bailiss,Male
Hart,Gove,Male
Freedman,Thurlby,Male
Charlotta,Jecks,Female
Manda,Daine,Female
Caressa,Lux,Female
Chaim,Witcherley,Polygender
Penelope,Reeder,Female
Ramsay,Showte,Male
Elfrieda,Jansema,Female
Maggee,Desson,Female
Loraine,Kohlert,Female
Ogdan,Ferrettino,Male
Tallulah,Kemshell,Female
Rodolph,Blenkiron,Male
Delora,Oldershaw,Female
Yorgos,Sange,Male
Perry,Bloodworth,Male
Marty,Symondson,Male
Artemus,Jirusek,Male
Myrwyn,Kliesl,Male
Jordana,Holwell,Female
Pearce,Briance,Male
Thebault,Trazzi,Non-binary
Lebbie,Iddison,Female
Emelyne,Bonallick,Female
Dannie,Birchenough,Male
Cymbre,Tonge,Female
Zara,Odom,Female
Katey,Standbridge,Female
Lowell,Jakubowski,Non-binary
Blake,Kerner,Female
Darby,Highton,Genderqueer
Abbott,McLane,Male
Wat,Norcop,Male
Kania,Kordes,Female
Shea,Castanho,Female
Jerri,Bartolic,Male
Horatius,Monkton,Male
Dasi,Carrell,Female
Redd,Warhurst,Male
Michael,Sargint,Male
Guthrie,Billion,Male
Malynda,Grisley,Female
Iosep,McComiskey,Male
Jess,Emsley,Male
Melisa,Arlet,Female
Hervey,Codeman,Male
Bella,Edmott,Female
Quinta,Pope,Female
Danila,Jessop,Female
Fred,Cottisford,Bigender
Kariotta,Ranstead,Female
Derk,Prine,Male
Nerti,Duggen,Female
Jedidiah,Vickery,Male
Weber,Shergill,Male
Elston,Densumbe,Male
Selena,Francescone,Female
Hannis,Bosworth,Female
Amory,Agdahl,Male
Eddy,Beebe,Female
Seymour,Rennicks,Male
Maxine,Dormer,Female
Dayle,O'Doghesty,Genderqueer
Christin,Borborough,Female
Spike,Hapke,Male
Marris,Sleney,Female
Amelita,Revening,Genderqueer
Herc,Pretswell,Male
Cynde,McGeraghty,Female
Wallace,Capnerhurst,Male
Roth,Ubsdell,Male
Candis,Mc Dermid,Female
Claribel,Warbey,Female
Garvey,Spensley,Male
Alfredo,Tuft,Male
Ebeneser,Wingeatt,Male
Owen,Lyosik,Polygender
Edd,Perone,Male
Ophelia,Kinzett,Non-binary
Orazio,Tother,Male
Nata,Wittleton,Female
Ty,Temby,Genderfluid
Emmy,Abelovitz,Female
Pierson,Blessed,Male
Ronald,De Vaux,Male
Lillis,Gable,Female
Lana,Baird,Female
Ian,Abbitt,Male
Alaine,Kendle,Female
Cthrine,D'Elia,Female
Adah,Wilkinson,Female
Melodee,Choake,Female
Ashby,Bernardoni,Male
Rena,Cobbin,Female
Livia,Lorden,Female
Salvidor,Wilcox,Male
Babbie,Bothe,Female
Colan,Cornforth,Male
Eden,Andreassen,Female
Patrizius,Penniall,Male
Angelo,Bury,Male
Maribeth,Beenham,Female
Tibold,Vicker,Male
Laure,Splevin,Female
Catherina,Kobu,Female
Sauncho,Burnsyde,Male
Amerigo,Torrese,Male
Marie,Loynton,Female
Alwin,Circuit,Male
Wyatan,Spinola,Male
Cinda,Huff,Female
Laural,Cadwallader,Polygender
Dilly,Tapsfield,Male
Kit,D'Adda,Male
Maurizio,Bartaloni,Male
Hewie,Eschalette,Male
Nikolaus,Dreng,Male
Bennett,McComb,Male
Karlyn,Date,Female
Cathyleen,Gilvear,Female
Maynard,Wickmann,Male
Alexia,Yoslowitz,Female
Roxy,Lamborne,Female
Worthington,Goose,Male
Faydra,Blaylock,Non-binary
Cairistiona,Cadell,Female
Brina,Marioneau,Female
Ancell,Fayerbrother,Male
Phyllis,Klimp,Female
Zed,Corbert,Male
Fidelia,Durrad,Female
Paige,Piscopo,Female
Frederic,Blench,Male
Ray,Gantzman,Female
Falito,Bittlestone,Male
Guenna,Kimber,Female
Haroun,Innes,Male
Vera,Hamill,Female
Bobbie,Lanyon,Male
Ysabel,Sweetlove,Female
Lonni,Dawidowsky,Female
Ebenezer,Chesson,Male
Thaxter,Cromly,Non-binary
Doreen,Aldren,Female
Natka,Guite,Female
Pepi,Wileman,Female
Kile,Dowson,Male
Filberto,Collier,Male
Nataline,Belham,Female
Desiri,Tartt,Female
Madelene,Delamere,Female
Celisse,McGooch,Female
Powell,Ipsly,Male
Link,Basezzi,Male
Adey,MacAlpine,Polygender
Charlot,Gallard,Female
Kaleena,Spillane,Female
Estelle,Stubbley,Female
Frederigo,Bellew,Male
Sheppard,Curnucke,Male